{
    "lr": 0.0024980372226894175,
    "wd": 4.5788234391533054e-06,
    "dropout": 0.5703134686259418
}